{
   "action_manifest_version" : 0,
   "alias_info" : {},
   "app_key" : "application.generated.unity.escaperoom.exe",
   "bindings" : {
      "/actions/buggy" : {
         "chords" : [],
         "haptics" : [],
         "poses" : [],
         "skeleton" : [],
         "sources" : []
      },
      "/actions/default" : {
         "chords" : [],
         "haptics" : [
            {
               "output" : "/actions/default/out/haptic",
               "path" : "/user/hand/left/output/haptic"
            },
            {
               "output" : "/actions/default/out/haptic",
               "path" : "/user/hand/right/output/haptic"
            }
         ],
         "poses" : [
            {
               "output" : "/actions/default/in/pose",
               "path" : "/user/hand/left/pose/raw"
            },
            {
               "output" : "/actions/default/in/pose",
               "path" : "/user/hand/right/pose/raw"
            }
         ],
         "skeleton" : [
            {
               "output" : "/actions/default/in/skeletonlefthand",
               "path" : "/user/hand/left/input/skeleton/left"
            },
            {
               "output" : "/actions/default/in/skeletonrighthand",
               "path" : "/user/hand/right/input/skeleton/right"
            }
         ],
         "sources" : [
            {
               "inputs" : {
                  "click" : {
                     "output" : "/actions/default/in/interactui"
                  }
               },
               "mode" : "button",
               "path" : "/user/hand/left/input/trigger"
            },
            {
               "inputs" : {
                  "force" : {
                     "output" : "/actions/default/in/squeeze"
                  }
               },
               "mode" : "force_sensor",
               "path" : "/user/hand/left/input/grip"
            },
            {
               "inputs" : {
                  "force" : {
                     "output" : "/actions/default/in/squeeze"
                  }
               },
               "mode" : "force_sensor",
               "path" : "/user/hand/right/input/grip"
            },
            {
               "inputs" : {
                  "click" : {
                     "output" : "/actions/default/in/interactui"
                  }
               },
               "mode" : "button",
               "path" : "/user/hand/right/input/trigger"
            },
            {
               "inputs" : {
                  "north" : {
                     "output" : "/actions/default/in/teleport"
                  }
               },
               "mode" : "dpad",
               "parameters" : {
                  "deadzone_pct" : "25",
                  "overlap_pct" : "30",
                  "sub_mode" : "touch"
               },
               "path" : "/user/hand/right/input/thumbstick"
            },
            {
               "inputs" : {
                  "east" : {
                     "output" : "/actions/default/in/snapturnright"
                  },
                  "west" : {
                     "output" : "/actions/default/in/snapturnleft"
                  }
               },
               "mode" : "dpad",
               "parameters" : {
                  "deadzone_pct" : "85",
                  "overlap_pct" : "0",
                  "sub_mode" : "touch"
               },
               "path" : "/user/hand/right/input/thumbstick"
            },
            {
               "inputs" : {
                  "grab" : {
                     "output" : "/actions/default/in/grabgrip"
                  }
               },
               "mode" : "grab",
               "parameters" : {
                  "force_hold_threshold" : "0.02",
                  "force_release_threshold" : "0.01"
               },
               "path" : "/user/hand/left/input/grip"
            },
            {
               "inputs" : {
                  "grab" : {
                     "output" : "/actions/default/in/grabgrip"
                  }
               },
               "mode" : "grab",
               "parameters" : {
                  "force_hold_threshold" : "0.02",
                  "force_release_threshold" : "0.01"
               },
               "path" : "/user/hand/right/input/grip"
            },
            {
               "inputs" : {
                  "grab" : {
                     "output" : "/actions/default/in/grabpinch"
                  }
               },
               "mode" : "grab",
               "parameters" : {
                  "force_hold_threshold" : "0.02",
                  "force_release_threshold" : "0.01"
               },
               "path" : "/user/hand/left/input/pinch"
            },
            {
               "inputs" : {
                  "grab" : {
                     "output" : "/actions/default/in/grabpinch"
                  }
               },
               "mode" : "grab",
               "parameters" : {
                  "force_hold_threshold" : "0.02",
                  "force_release_threshold" : "0.01"
               },
               "path" : "/user/hand/right/input/pinch"
            },
            {
               "inputs" : {
                  "click" : {
                     "output" : "/actions/default/in/sprint"
                  },
                  "position" : {
                     "output" : "/actions/default/in/move"
                  }
               },
               "mode" : "joystick",
               "path" : "/user/hand/left/input/thumbstick"
            }
         ]
      },
      "/actions/platformer" : {
         "chords" : [],
         "haptics" : [],
         "poses" : [],
         "skeleton" : [],
         "sources" : []
      }
   },
   "category" : "steamvr_input",
   "controller_type" : "knuckles",
   "description" : "",
   "name" : "Escape Room Default",
   "options" : {},
   "simulated_actions" : []
}
